,x,y_tain_loss,y_train_acc,y_test_acc,TP,TN,FP,FN,AUC,y_train_loss,y_test_loss
0,0,,0.9635416666666666,0.49166667461395264,77.0,41.0,79.0,43.0,0.49166664481163025,0.31188533765574294,1384.083740234375
1,1,,0.9375,0.5541666746139526,60.0,73.0,47.0,60.0,0.5541666746139526,0.30492885783314705,9.912715911865234
2,2,,0.96875,0.5333333611488342,41.0,87.0,33.0,79.0,0.5333333611488342,0.24151155600945154,443.5633850097656
3,3,,0.9427083333333334,0.6833333373069763,76.0,88.0,32.0,44.0,0.6833333373069763,0.229757654791077,1.0808367729187012
4,4,,0.9791666666666666,0.7666666507720947,73.0,111.0,9.0,47.0,0.7666666507720947,0.24327598387996355,0.49388471245765686
5,5,,0.9583333333333334,0.4833333194255829,78.0,38.0,82.0,42.0,0.4833333194255829,0.23659345352401337,67.61908721923828
6,6,,0.9479166666666666,0.42500001192092896,44.0,58.0,62.0,76.0,0.42500001192092896,0.24747459962964058,169.76821899414062
7,7,,0.9583333333333334,0.5083333253860474,2.0,120.0,0.0,118.0,0.5083333253860474,0.2503407361606757,4.011723041534424
8,8,,0.953125,0.4791666567325592,86.0,29.0,91.0,34.0,0.4791666567325592,0.257398206119736,647.0374145507812
9,9,,0.9739583333333334,0.44999998807907104,56.0,52.0,68.0,64.0,0.44999998807907104,0.2009886552890142,3.527132272720337
10,10,,0.96875,0.5041666626930237,66.0,55.0,65.0,54.0,0.5041666626930237,0.18712431627015272,178.60543823242188
11,11,,0.9739583333333334,0.5,0.0,120.0,0.0,120.0,0.5,0.1828045081347227,4.196090221405029
12,12,,0.96875,0.6875,52.0,113.0,7.0,68.0,0.6875,0.17986591657002768,2.339660882949829
13,13,,0.9583333333333334,0.5958333611488342,37.0,106.0,14.0,83.0,0.5958333611488342,0.20585563064863285,2.174743413925171
14,14,,0.9739583333333334,0.5,0.0,120.0,0.0,120.0,0.5,0.14796170747528473,5.758979797363281
15,15,,0.96875,0.5,0.0,120.0,0.0,120.0,0.5,0.14100801028932133,2.5713703632354736
16,16,,0.9739583333333334,0.5083333253860474,7.0,115.0,5.0,113.0,0.5083333253860474,0.14612338319420815,3.9247984886169434
17,17,,0.9895833333333334,0.5291666388511658,69.0,58.0,62.0,51.0,0.5291666984558105,0.10232109871382515,6.838514804840088
18,18,,0.9791666666666666,0.4833333194255829,116.0,0.0,120.0,4.0,0.4833333194255829,0.13414836574035385,743.4981689453125
19,19,,0.984375,0.3791666626930237,77.0,14.0,106.0,43.0,0.3791666626930237,0.11819378208989899,129.4750518798828
20,20,,0.984375,0.4583333432674408,80.0,30.0,90.0,40.0,0.4583333432674408,0.0846486808732152,2.710336446762085
21,21,,0.9895833333333334,0.4583333432674408,109.0,1.0,119.0,11.0,0.4583333432674408,0.07953140418976545,31.2933406829834
22,22,,0.9791666666666666,0.4541666805744171,109.0,0.0,120.0,11.0,0.4541666805744171,0.13603272257993618,24.449987411499023
23,23,,0.9895833333333334,0.5708333253860474,27.0,110.0,10.0,93.0,0.5708333253860474,0.16012293162445226,3.7314934730529785
24,24,,0.984375,0.5,0.0,120.0,0.0,120.0,0.5,0.14530939732988676,11.229177474975586
25,25,,0.984375,0.7833333611488342,69.0,119.0,1.0,51.0,0.7833333611488342,0.11318729887716472,0.6350051760673523
26,26,,0.9947916666666666,0.5,0.0,120.0,0.0,120.0,0.5,0.07255630924676855,10.78207015991211
27,27,,0.9895833333333334,0.4749999940395355,113.0,1.0,119.0,7.0,0.4749999940395355,0.09547275413448612,63.12504196166992
28,28,,0.9947916666666666,0.4583333432674408,71.0,39.0,81.0,49.0,0.4583333134651184,0.09317021436678867,1600.5208740234375
29,29,,0.9427083333333334,0.5,0.0,120.0,0.0,120.0,0.5,0.15587046397073814,2.3896169662475586
30,30,,0.9635416666666666,0.5041666626930237,1.0,120.0,0.0,119.0,0.5041666626930237,0.09701121582960089,2.581634283065796
31,31,,0.9635416666666666,0.6583333611488342,38.0,120.0,0.0,82.0,0.6583333015441895,0.10670459371370573,0.9426196217536926
32,32,,0.9791666666666666,0.875,91.0,119.0,1.0,29.0,0.875,0.06449822724486391,0.32558074593544006
33,33,,0.9895833333333334,0.8083333373069763,74.0,120.0,0.0,46.0,0.8083333373069763,0.03946562414057553,0.4541580080986023
34,34,,0.9895833333333334,0.7749999761581421,66.0,120.0,0.0,54.0,0.7749999761581421,0.043648104066960514,0.5807073712348938
35,35,,1.0,0.7875000238418579,69.0,120.0,0.0,51.0,0.7875000238418579,0.02942202682606876,0.4955151677131653
36,36,,0.984375,0.925000011920929,104.0,118.0,2.0,16.0,0.925000011920929,0.06867805037957926,0.21712474524974823
37,37,,0.9895833333333334,0.5541666746139526,13.0,120.0,0.0,107.0,0.5541666746139526,0.05489057139493525,1.670427680015564
38,38,,0.984375,0.6166666746139526,28.0,120.0,0.0,92.0,0.6166666746139526,0.04757028492167592,1.1191686391830444
39,39,,0.984375,0.9208333492279053,103.0,118.0,2.0,17.0,0.9208333492279053,0.04518231505062431,0.24074190855026245
40,40,,0.9895833333333334,0.8958333134651184,96.0,119.0,1.0,24.0,0.8958333134651184,0.04233982452812294,0.33072158694267273
41,41,,0.9895833333333334,0.8666666746139526,114.0,94.0,26.0,6.0,0.8666666746139526,0.03207899366195003,0.3489784300327301
42,42,,0.9947916666666666,0.9166666865348816,111.0,109.0,11.0,9.0,0.9166666269302368,0.02980329511531939,0.2257516086101532
43,43,,0.9791666666666666,0.5291666388511658,120.0,7.0,113.0,0.0,0.5291666984558105,0.07275264981823663,5.969674110412598
44,44,,0.984375,0.7083333134651184,117.0,53.0,67.0,3.0,0.7083333730697632,0.05439972054834167,1.0682607889175415
45,45,,0.9947916666666666,0.887499988079071,94.0,119.0,1.0,26.0,0.887499988079071,0.02454152548064788,0.35603389143943787
46,46,,0.984375,0.574999988079071,18.0,120.0,0.0,102.0,0.574999988079071,0.04743956489255652,1.6207702159881592
47,47,,0.984375,0.7666666507720947,117.0,67.0,53.0,3.0,0.7666666507720947,0.04768752555052439,0.6506515741348267
48,48,,1.0,0.7250000238418579,117.0,57.0,63.0,3.0,0.7250000238418579,0.018058339968168486,0.929664671421051
49,49,,0.9947916666666666,0.9291666746139526,113.0,110.0,10.0,7.0,0.9291666746139526,0.0233108684187755,0.2226649820804596
50,50,,0.9947916666666666,0.7583333253860474,62.0,120.0,0.0,58.0,0.7583333253860474,0.04391054758646836,0.7791460156440735
51,51,,0.9947916666666666,0.6875,45.0,120.0,0.0,75.0,0.6875,0.03460366321572413,1.0032535791397095
52,52,,0.9947916666666666,0.9208333492279053,114.0,107.0,13.0,6.0,0.9208333492279053,0.04736499624171605,0.21060891449451447
53,53,,0.9947916666666666,0.9208333492279053,114.0,107.0,13.0,6.0,0.9208333492279053,0.025909880137381453,0.22714249789714813
54,54,,0.9895833333333334,0.6333333253860474,32.0,120.0,0.0,88.0,0.6333333253860474,0.038776400266215205,1.1823196411132812
55,55,,0.9895833333333334,0.7250000238418579,54.0,120.0,0.0,66.0,0.7250000238418579,0.05621005949797109,0.9358641505241394
56,56,,1.0,0.9083333611488342,99.0,119.0,1.0,21.0,0.9083333611488342,0.01857908636641999,0.26541638374328613
57,57,,0.9895833333333334,0.9041666388511658,97.0,120.0,0.0,23.0,0.9041666984558105,0.036345148109830916,0.3509006202220917
58,58,,0.9947916666666666,0.9333333373069763,110.0,114.0,6.0,10.0,0.9333333969116211,0.019975266341740888,0.21402935683727264
59,59,,1.0,0.9375,113.0,112.0,8.0,7.0,0.9374999403953552,0.025891603125880163,0.20457766950130463
60,60,,0.9895833333333334,0.9291666746139526,106.0,117.0,3.0,14.0,0.9291666746139526,0.03482867024528483,0.22635647654533386
61,61,,0.984375,0.9375,108.0,117.0,3.0,12.0,0.9375000596046448,0.04470425103014956,0.23155082762241364
62,62,,1.0,0.9375,111.0,114.0,6.0,9.0,0.9374999403953552,0.01981400525740658,0.21211472153663635
63,63,,1.0,0.9375,113.0,112.0,8.0,7.0,0.9374999403953552,0.0249251921971639,0.20049454271793365
64,64,,0.9947916666666666,0.9333333373069763,108.0,116.0,4.0,12.0,0.9333332777023315,0.02449695395383363,0.20814412832260132
65,65,,1.0,0.9375,113.0,112.0,8.0,7.0,0.9374999403953552,0.022634846507571638,0.18815258145332336
66,66,,1.0,0.949999988079071,111.0,117.0,3.0,9.0,0.9500000476837158,0.010325954509122917,0.21605898439884186
67,67,,0.9947916666666666,0.9375,110.0,115.0,5.0,10.0,0.9375,0.024828418584850926,0.21307305991649628
68,68,,1.0,0.9416666626930237,114.0,112.0,8.0,6.0,0.9416667222976685,0.020692327137415607,0.21031557023525238
69,69,,0.9947916666666666,0.9416666626930237,114.0,112.0,8.0,6.0,0.9416667222976685,0.029455367223514866,0.19850631058216095
70,70,,0.9635416666666666,0.9458333253860474,111.0,116.0,4.0,9.0,0.9458333253860474,0.09310443804133683,0.21603348851203918
71,71,,0.9895833333333334,0.8958333134651184,115.0,100.0,20.0,5.0,0.8958332538604736,0.039719646447338164,0.25774839520454407
72,72,,1.0,0.9333333373069763,114.0,110.0,10.0,6.0,0.9333333373069763,0.012812521366868168,0.20843614637851715
73,73,,0.9947916666666666,0.9458333253860474,113.0,114.0,6.0,7.0,0.9458333253860474,0.037943079873609044,0.190901979804039
74,74,,0.9895833333333334,0.9333333373069763,114.0,110.0,10.0,6.0,0.9333333373069763,0.04216678339677552,0.19776131212711334
75,75,,1.0,0.9416666626930237,112.0,114.0,6.0,8.0,0.9416666626930237,0.02273166284430772,0.1861339658498764
76,76,,1.0,0.9291666746139526,107.0,116.0,4.0,13.0,0.9291666150093079,0.03275322758903106,0.2281149923801422
77,77,,0.9947916666666666,0.9416666626930237,114.0,112.0,8.0,6.0,0.9416667222976685,0.025625003909226507,0.19611701369285583
78,78,,1.0,0.9458333253860474,112.0,115.0,5.0,8.0,0.9458333849906921,0.0158929592386509,0.19303900003433228
79,79,,1.0,0.9458333253860474,114.0,113.0,7.0,6.0,0.9458333849906921,0.025130049073292565,0.20982107520103455
80,80,,1.0,0.9416666626930237,114.0,112.0,8.0,6.0,0.9416667222976685,0.0140951049203674,0.21380004286766052
81,81,,1.0,0.9416666626930237,113.0,113.0,7.0,7.0,0.9416666626930237,0.01414508642240738,0.18160265684127808
82,82,,1.0,0.9375,113.0,112.0,8.0,7.0,0.9374999403953552,0.016396199197818834,0.18568561971187592
83,83,,1.0,0.9541666507720947,113.0,116.0,4.0,7.0,0.95416659116745,0.01506521129825463,0.1954755187034607
84,84,,1.0,0.9291666746139526,115.0,108.0,12.0,5.0,0.9291666150093079,0.016111077352737386,0.2118898183107376
85,85,,1.0,0.9416666626930237,113.0,113.0,7.0,7.0,0.9416666626930237,0.015418607120712599,0.19323095679283142
86,86,,0.9947916666666666,0.9333333373069763,114.0,110.0,10.0,6.0,0.9333333373069763,0.022925820710952394,0.21422404050827026
87,87,,1.0,0.925000011920929,114.0,108.0,12.0,6.0,0.925000011920929,0.018995568990552176,0.22262336313724518
88,88,,1.0,0.9416666626930237,114.0,112.0,8.0,6.0,0.9416667222976685,0.014657338634909442,0.2066238820552826
89,89,,0.984375,0.9416666626930237,114.0,112.0,8.0,6.0,0.9416667222976685,0.04147555399686098,0.20933128893375397
90,90,,1.0,0.9416666626930237,113.0,113.0,7.0,7.0,0.9416666626930237,0.01784802785065646,0.18946675956249237
91,91,,0.9947916666666666,0.9333333373069763,114.0,110.0,10.0,6.0,0.9333333373069763,0.0289080038977166,0.21864667534828186
92,92,,1.0,0.9375,114.0,111.0,9.0,6.0,0.9375,0.019459334706577163,0.2174595296382904
93,93,,0.9947916666666666,0.9375,114.0,111.0,9.0,6.0,0.9375,0.02473697727934147,0.20349545776844025
94,94,,0.9895833333333334,0.9416666626930237,114.0,112.0,8.0,6.0,0.9416667222976685,0.023716325405985117,0.2000851333141327
95,95,,1.0,0.9458333253860474,113.0,114.0,6.0,7.0,0.9458333253860474,0.012594089659008509,0.19375404715538025
96,96,,0.9947916666666666,0.9416666626930237,114.0,112.0,8.0,6.0,0.9416667222976685,0.02019596561634292,0.1953352391719818
97,97,,1.0,0.9416666626930237,111.0,115.0,5.0,9.0,0.9416666030883789,0.014919510285835713,0.20293426513671875
98,98,,1.0,0.9375,113.0,112.0,8.0,7.0,0.9374999403953552,0.015840569860301912,0.19163285195827484
99,99,,1.0,0.949999988079071,113.0,115.0,5.0,7.0,0.9499999284744263,0.01889087981544435,0.19815899431705475
100,100,,0.9947916666666666,0.9458333253860474,113.0,114.0,6.0,7.0,0.9458333253860474,0.017894289960774284,0.19113661348819733
101,101,,1.0,0.9375,114.0,111.0,9.0,6.0,0.9375,0.0172831021870176,0.21215346455574036
102,102,,0.9947916666666666,0.9458333253860474,113.0,114.0,6.0,7.0,0.9458333253860474,0.028922184001809608,0.21603719890117645
103,103,,1.0,0.9416666626930237,112.0,114.0,6.0,8.0,0.9416666626930237,0.020772152541515727,0.20782533288002014
104,104,,1.0,0.9416666626930237,114.0,112.0,8.0,6.0,0.9416667222976685,0.02067420945968479,0.20268528163433075
105,105,,0.9947916666666666,0.9208333492279053,114.0,107.0,13.0,6.0,0.9208333492279053,0.03186924784677103,0.22874003648757935
106,106,,1.0,0.9458333253860474,114.0,113.0,7.0,6.0,0.9458333849906921,0.02018959562216575,0.20318840444087982
107,107,,0.9895833333333334,0.9291666746139526,114.0,109.0,11.0,6.0,0.9291666746139526,0.03846302706127366,0.2205728441476822
108,108,,1.0,0.9291666746139526,114.0,109.0,11.0,6.0,0.9291666746139526,0.033497422273891665,0.2112589180469513
109,109,,1.0,0.9333333373069763,114.0,110.0,10.0,6.0,0.9333333373069763,0.018159184391455103,0.22949743270874023
110,110,,0.9895833333333334,0.9416666626930237,112.0,114.0,6.0,8.0,0.9416666626930237,0.024013770734503243,0.2174185961484909
111,111,,0.984375,0.9458333253860474,112.0,115.0,5.0,8.0,0.9458333849906921,0.03931584379946192,0.20702369511127472
112,112,,0.9947916666666666,0.9416666626930237,114.0,112.0,8.0,6.0,0.9416667222976685,0.028030483576003462,0.20349818468093872
113,113,,0.9947916666666666,0.9416666626930237,111.0,115.0,5.0,9.0,0.9416666030883789,0.020923587066742282,0.2038387656211853
114,114,,0.9947916666666666,0.9333333373069763,114.0,110.0,10.0,6.0,0.9333333373069763,0.02798557945061475,0.21279314160346985
115,115,,0.9895833333333334,0.9458333253860474,112.0,115.0,5.0,8.0,0.9458333849906921,0.02927738946164027,0.19459040462970734
116,116,,0.9947916666666666,0.9416666626930237,114.0,112.0,8.0,6.0,0.9416667222976685,0.026455662116253126,0.20228084921836853
117,117,,0.9947916666666666,0.9333333373069763,113.0,111.0,9.0,7.0,0.9333332777023315,0.028968431094350915,0.21056316792964935
118,118,,0.9947916666666666,0.9291666746139526,114.0,109.0,11.0,6.0,0.9291666746139526,0.026614795244919758,0.23324905335903168
119,119,,1.0,0.9333333373069763,114.0,110.0,10.0,6.0,0.9333333373069763,0.021111993060912937,0.20768675208091736
120,120,,1.0,0.9458333253860474,113.0,114.0,6.0,7.0,0.9458333253860474,0.019063549853550892,0.19641715288162231
121,121,,0.9947916666666666,0.949999988079071,112.0,116.0,4.0,8.0,0.949999988079071,0.023895363866661985,0.19841164350509644
122,122,,0.9947916666666666,0.9416666626930237,114.0,112.0,8.0,6.0,0.9416667222976685,0.027471816535883892,0.21278730034828186
123,123,,0.9895833333333334,0.9291666746139526,114.0,109.0,11.0,6.0,0.9291666746139526,0.025196229146483045,0.2280281037092209
124,124,,0.9947916666666666,0.9333333373069763,114.0,110.0,10.0,6.0,0.9333333373069763,0.02960762313644712,0.21464601159095764
125,125,,0.9895833333333334,0.9416666626930237,113.0,113.0,7.0,7.0,0.9416666626930237,0.02840284750952075,0.19618724286556244
126,126,,0.984375,0.9458333253860474,112.0,115.0,5.0,8.0,0.9458333849906921,0.03341613104566932,0.19848226010799408
127,127,,0.9947916666666666,0.9333333373069763,114.0,110.0,10.0,6.0,0.9333333373069763,0.032714025039846696,0.22055386006832123
128,128,,1.0,0.9458333253860474,114.0,113.0,7.0,6.0,0.9458333849906921,0.010337256244383752,0.1916818618774414
129,129,,0.9947916666666666,0.9375,113.0,112.0,8.0,7.0,0.9374999403953552,0.03999333071988076,0.21007606387138367
130,130,,0.9947916666666666,0.9125000238418579,114.0,105.0,15.0,6.0,0.9125000238418579,0.03073908536074062,0.2425617128610611
131,131,,1.0,0.9333333373069763,114.0,110.0,10.0,6.0,0.9333333373069763,0.01960170626019438,0.20441965758800507
132,132,,0.9895833333333334,0.9333333373069763,114.0,110.0,10.0,6.0,0.9333333373069763,0.02733848717374106,0.22121693193912506
133,133,,0.984375,0.9333333373069763,114.0,110.0,10.0,6.0,0.9333333373069763,0.05250129474249358,0.21603792905807495
134,134,,0.9947916666666666,0.9208333492279053,114.0,107.0,13.0,6.0,0.9208333492279053,0.026290599062728386,0.22229605913162231
135,135,,0.9895833333333334,0.9375,113.0,112.0,8.0,7.0,0.9374999403953552,0.034555556369014084,0.20504909753799438
136,136,,0.9791666666666666,0.9541666507720947,114.0,115.0,5.0,6.0,0.9541666507720947,0.046477727980042495,0.19584056735038757
137,137,,0.9947916666666666,0.9291666746139526,113.0,110.0,10.0,7.0,0.9291666746139526,0.03956874079691867,0.23052121698856354
138,138,,0.9947916666666666,0.9375,113.0,112.0,8.0,7.0,0.9374999403953552,0.029284431599080563,0.19457870721817017
139,139,,1.0,0.9458333253860474,113.0,114.0,6.0,7.0,0.9458333253860474,0.01874057832174003,0.19123360514640808
140,140,,0.9895833333333334,0.9416666626930237,113.0,113.0,7.0,7.0,0.9416666626930237,0.02046620021186148,0.19786801934242249
141,141,,0.9947916666666666,0.9458333253860474,114.0,113.0,7.0,6.0,0.9458333849906921,0.019259772612713277,0.19321584701538086
142,142,,1.0,0.9375,114.0,111.0,9.0,6.0,0.9375,0.01910020605040093,0.22114500403404236
143,143,,0.984375,0.9416666626930237,114.0,112.0,8.0,6.0,0.9416667222976685,0.029149475051478173,0.20582060515880585
144,144,,0.9947916666666666,0.9416666626930237,113.0,113.0,7.0,7.0,0.9416666626930237,0.01986801760115971,0.19890755414962769
145,145,,0.9947916666666666,0.9291666746139526,115.0,108.0,12.0,5.0,0.9291666150093079,0.026206387924806524,0.2279195338487625
146,146,,0.9947916666666666,0.949999988079071,114.0,114.0,6.0,6.0,0.9500000476837158,0.029553212264242273,0.19828584790229797
147,147,,0.9947916666666666,0.9291666746139526,114.0,109.0,11.0,6.0,0.9291666746139526,0.02420934052982678,0.20046141743659973
148,148,,0.9895833333333334,0.925000011920929,115.0,107.0,13.0,5.0,0.9249999523162842,0.028068941746217508,0.223405122756958
149,149,,0.9947916666666666,0.925000011920929,114.0,108.0,12.0,6.0,0.925000011920929,0.026861804149424035,0.22976824641227722
150,150,,0.984375,0.9375,113.0,112.0,8.0,7.0,0.9374999403953552,0.030952335083081078,0.19804075360298157
151,151,,1.0,0.9375,114.0,111.0,9.0,6.0,0.9375,0.01756734474717329,0.20653218030929565
152,152,,1.0,0.9375,113.0,112.0,8.0,7.0,0.9374999403953552,0.026600196889679257,0.19565504789352417
153,153,,1.0,0.9416666626930237,114.0,112.0,8.0,6.0,0.9416667222976685,0.01521845480116705,0.20106711983680725
154,154,,0.9895833333333334,0.9375,112.0,113.0,7.0,8.0,0.9375,0.05007770667240644,0.19861987233161926
155,155,,1.0,0.9458333253860474,113.0,114.0,6.0,7.0,0.9458333253860474,0.020242133488257725,0.19835874438285828
156,156,,1.0,0.9375,113.0,112.0,8.0,7.0,0.9374999403953552,0.014131874350520471,0.2067355066537857
157,157,,0.9947916666666666,0.925000011920929,114.0,108.0,12.0,6.0,0.925000011920929,0.019930046789037686,0.23347653448581696
158,158,,0.9947916666666666,0.9375,114.0,111.0,9.0,6.0,0.9375,0.024805672427949805,0.20734745264053345
159,159,,1.0,0.9416666626930237,114.0,112.0,8.0,6.0,0.9416667222976685,0.01658766227774322,0.19666126370429993
160,160,,0.9895833333333334,0.9416666626930237,111.0,115.0,5.0,9.0,0.9416666030883789,0.023567810014355928,0.20806574821472168
161,161,,0.9947916666666666,0.9291666746139526,115.0,108.0,12.0,5.0,0.9291666150093079,0.027566162287257612,0.22020624577999115
162,162,,0.9895833333333334,0.925000011920929,114.0,108.0,12.0,6.0,0.925000011920929,0.023688598535954952,0.2340615689754486
163,163,,0.9947916666666666,0.9416666626930237,114.0,112.0,8.0,6.0,0.9416667222976685,0.02385740556443731,0.18769334256649017
164,164,,0.9947916666666666,0.9458333253860474,112.0,115.0,5.0,8.0,0.9458333849906921,0.021051919301195692,0.18890534341335297
165,165,,0.984375,0.9416666626930237,113.0,113.0,7.0,7.0,0.9416666626930237,0.023468720183397334,0.19176475703716278
166,166,,1.0,0.9458333253860474,114.0,113.0,7.0,6.0,0.9458333849906921,0.01926570317785566,0.19818952679634094
167,167,,1.0,0.9416666626930237,114.0,112.0,8.0,6.0,0.9416667222976685,0.016007968573831022,0.21251527965068817
168,168,,1.0,0.9416666626930237,114.0,112.0,8.0,6.0,0.9416667222976685,0.02642915680189617,0.20733506977558136
169,169,,1.0,0.9416666626930237,114.0,112.0,8.0,6.0,0.9416667222976685,0.019810151813241344,0.20298443734645844
170,170,,0.9895833333333334,0.9291666746139526,114.0,109.0,11.0,6.0,0.9291666746139526,0.039020446264961116,0.20949174463748932
171,171,,1.0,0.9416666626930237,113.0,113.0,7.0,7.0,0.9416666626930237,0.02215590770356357,0.21121814846992493
172,172,,0.9895833333333334,0.925000011920929,114.0,108.0,12.0,6.0,0.925000011920929,0.025175173437067617,0.21821554005146027
173,173,,0.9947916666666666,0.9458333253860474,112.0,115.0,5.0,8.0,0.9458333849906921,0.025565291425057996,0.1855604350566864
174,174,,0.984375,0.9333333373069763,114.0,110.0,10.0,6.0,0.9333333373069763,0.039746558371310435,0.21502834558486938
175,175,,0.9791666666666666,0.9333333373069763,114.0,110.0,10.0,6.0,0.9333333373069763,0.052603583123224475,0.2318139374256134
176,176,,0.9895833333333334,0.9416666626930237,112.0,114.0,6.0,8.0,0.9416666626930237,0.029504603628690045,0.1980474442243576
177,177,,0.9947916666666666,0.9375,114.0,111.0,9.0,6.0,0.9375,0.018499218587142725,0.20717278122901917
178,178,,1.0,0.9458333253860474,113.0,114.0,6.0,7.0,0.9458333253860474,0.02012882459287842,0.19680912792682648
179,179,,0.984375,0.9291666746139526,114.0,109.0,11.0,6.0,0.9291666746139526,0.03604473959421739,0.2041960209608078
180,180,,1.0,0.9416666626930237,112.0,114.0,6.0,8.0,0.9416666626930237,0.010914505187732479,0.19543838500976562
181,181,,0.984375,0.9416666626930237,112.0,114.0,6.0,8.0,0.9416666626930237,0.026405889288677525,0.20332778990268707
182,182,,0.9947916666666666,0.9333333373069763,114.0,110.0,10.0,6.0,0.9333333373069763,0.026774404764485855,0.2129862904548645
183,183,,1.0,0.9416666626930237,114.0,112.0,8.0,6.0,0.9416667222976685,0.014206991841395697,0.19480307400226593
184,184,,0.9947916666666666,0.9416666626930237,114.0,112.0,8.0,6.0,0.9416667222976685,0.02584374664972226,0.19961068034172058
185,185,,0.9947916666666666,0.9416666626930237,113.0,113.0,7.0,7.0,0.9416666626930237,0.018387305977133412,0.18931011855602264
186,186,,0.9895833333333334,0.9416666626930237,113.0,113.0,7.0,7.0,0.9416666626930237,0.05316803348250687,0.19605326652526855
187,187,,0.9791666666666666,0.9416666626930237,113.0,113.0,7.0,7.0,0.9416666626930237,0.030312190297991037,0.20572327077388763
188,188,,0.9895833333333334,0.9416666626930237,114.0,112.0,8.0,6.0,0.9416667222976685,0.04164253004516164,0.20326408743858337
189,189,,0.9947916666666666,0.9458333253860474,112.0,115.0,5.0,8.0,0.9458333849906921,0.0165883432685708,0.19782622158527374
190,190,,0.9947916666666666,0.9375,113.0,112.0,8.0,7.0,0.9374999403953552,0.014331655411903435,0.20180514454841614
191,191,,0.9895833333333334,0.9416666626930237,114.0,112.0,8.0,6.0,0.9416667222976685,0.039064365128676094,0.20562824606895447
192,192,,0.9947916666666666,0.9375,113.0,112.0,8.0,7.0,0.9374999403953552,0.03139837934092308,0.1976136714220047
193,193,,1.0,0.9375,114.0,111.0,9.0,6.0,0.9375,0.01348535856232047,0.20950070023536682
194,194,,0.9947916666666666,0.9333333373069763,114.0,110.0,10.0,6.0,0.9333333373069763,0.025889922651307035,0.21992748975753784
195,195,,0.9947916666666666,0.9291666746139526,114.0,109.0,11.0,6.0,0.9291666746139526,0.04411626630462706,0.21228234469890594
196,196,,0.984375,0.9416666626930237,114.0,112.0,8.0,6.0,0.9416667222976685,0.02568876906298101,0.20793965458869934
197,197,,0.9947916666666666,0.9333333373069763,114.0,110.0,10.0,6.0,0.9333333373069763,0.020599392572573077,0.23269984126091003
198,198,,0.9947916666666666,0.9416666626930237,114.0,112.0,8.0,6.0,0.9416667222976685,0.025270489199707907,0.21257056295871735
199,199,,0.9895833333333334,0.9375,113.0,112.0,8.0,7.0,0.9374999403953552,0.03219750040443614,0.20518922805786133
200,200,,0.9947916666666666,0.9291666746139526,114.0,109.0,11.0,6.0,0.9291666746139526,0.026513093539203208,0.21272039413452148
201,201,,1.0,0.9375,114.0,111.0,9.0,6.0,0.9375,0.02563205233309418,0.2035040408372879
202,202,,0.9791666666666666,0.8958333134651184,114.0,101.0,19.0,6.0,0.8958333730697632,0.08608736307360232,0.2509583532810211
203,203,,0.9895833333333334,0.9416666626930237,114.0,112.0,8.0,6.0,0.9416667222976685,0.025639022157217067,0.1976555734872818
204,204,,1.0,0.949999988079071,113.0,115.0,5.0,7.0,0.9499999284744263,0.015514251193962991,0.19801555573940277
205,205,,1.0,0.9416666626930237,111.0,115.0,5.0,9.0,0.9416666030883789,0.017865772203852732,0.20079964399337769
206,206,,0.9947916666666666,0.9458333253860474,113.0,114.0,6.0,7.0,0.9458333253860474,0.026535763793314498,0.18824242055416107
207,207,,0.9739583333333334,0.9458333253860474,112.0,115.0,5.0,8.0,0.9458333849906921,0.09069432512236138,0.1927533745765686
208,208,,1.0,0.9375,114.0,111.0,9.0,6.0,0.9375,0.0179060132165129,0.20115706324577332
209,209,,0.9895833333333334,0.9416666626930237,114.0,112.0,8.0,6.0,0.9416667222976685,0.03322036989266053,0.20836932957172394
210,210,,1.0,0.9416666626930237,113.0,113.0,7.0,7.0,0.9416666626930237,0.008311028611691048,0.1984858363866806
211,211,,0.984375,0.9333333373069763,114.0,110.0,10.0,6.0,0.9333333373069763,0.03211133284882332,0.20844750106334686
212,212,,1.0,0.9375,113.0,112.0,8.0,7.0,0.9374999403953552,0.015637084337261815,0.21588709950447083
213,213,,1.0,0.925000011920929,114.0,108.0,12.0,6.0,0.925000011920929,0.015250432693089047,0.21678577363491058
214,214,,0.9947916666666666,0.9458333253860474,113.0,114.0,6.0,7.0,0.9458333253860474,0.02772270965700348,0.19688023626804352
215,215,,0.9947916666666666,0.9291666746139526,114.0,109.0,11.0,6.0,0.9291666746139526,0.02330507601921757,0.21238775551319122
216,216,,0.984375,0.9458333253860474,113.0,114.0,6.0,7.0,0.9458333253860474,0.04526983085088432,0.18795759975910187
217,217,,0.9947916666666666,0.9125000238418579,115.0,104.0,16.0,5.0,0.9124999642372131,0.013735185338494679,0.23443372547626495
218,218,,0.9947916666666666,0.9375,114.0,111.0,9.0,6.0,0.9375,0.027215728846689064,0.19650012254714966
219,219,,0.9895833333333334,0.9333333373069763,113.0,111.0,9.0,7.0,0.9333332777023315,0.024842566325484466,0.21079161763191223
220,220,,1.0,0.9458333253860474,113.0,114.0,6.0,7.0,0.9458333253860474,0.02338309943055113,0.19213999807834625
221,221,,0.9947916666666666,0.9458333253860474,112.0,115.0,5.0,8.0,0.9458333849906921,0.0201967514003627,0.19003525376319885
222,222,,1.0,0.9375,114.0,111.0,9.0,6.0,0.9375,0.016382251187072445,0.20082880556583405
223,223,,1.0,0.9458333253860474,113.0,114.0,6.0,7.0,0.9458333253860474,0.015195580936657885,0.20215840637683868
224,224,,0.9947916666666666,0.9458333253860474,114.0,113.0,7.0,6.0,0.9458333849906921,0.025801737637569506,0.2040051817893982
225,225,,0.9947916666666666,0.9333333373069763,114.0,110.0,10.0,6.0,0.9333333373069763,0.01895920069849429,0.20363233983516693
226,226,,0.9947916666666666,0.949999988079071,114.0,114.0,6.0,6.0,0.9500000476837158,0.029738487753396232,0.20243440568447113
227,227,,1.0,0.9375,114.0,111.0,9.0,6.0,0.9375,0.014921751736740893,0.20348744094371796
228,228,,0.9947916666666666,0.9416666626930237,114.0,112.0,8.0,6.0,0.9416667222976685,0.023782138518678646,0.21068301796913147
229,229,,1.0,0.9458333253860474,114.0,113.0,7.0,6.0,0.9458333849906921,0.021805921220220625,0.1999039351940155
230,230,,1.0,0.9416666626930237,114.0,112.0,8.0,6.0,0.9416667222976685,0.01911034295335412,0.19737477600574493
231,231,,0.9947916666666666,0.925000011920929,114.0,108.0,12.0,6.0,0.925000011920929,0.030318618868477643,0.21205778419971466
232,232,,1.0,0.9458333253860474,114.0,113.0,7.0,6.0,0.9458333849906921,0.014138289145193994,0.19606705009937286
233,233,,1.0,0.9333333373069763,114.0,110.0,10.0,6.0,0.9333333373069763,0.020007799903396517,0.2053099125623703
234,234,,1.0,0.9333333373069763,114.0,110.0,10.0,6.0,0.9333333373069763,0.017401249730028212,0.22259663045406342
235,235,,0.9791666666666666,0.925000011920929,114.0,108.0,12.0,6.0,0.925000011920929,0.06688486602312575,0.22529500722885132
236,236,,1.0,0.9416666626930237,114.0,112.0,8.0,6.0,0.9416667222976685,0.018127907688419025,0.1990574151277542
237,237,,1.0,0.9416666626930237,113.0,113.0,7.0,7.0,0.9416666626930237,0.03212310001254082,0.20353059470653534
238,238,,0.9947916666666666,0.9333333373069763,114.0,110.0,10.0,6.0,0.9333333373069763,0.028808296968539555,0.21413582563400269
239,239,,0.984375,0.9416666626930237,113.0,113.0,7.0,7.0,0.9416666626930237,0.037245318836842976,0.19540761411190033
240,240,,0.9947916666666666,0.9458333253860474,114.0,113.0,7.0,6.0,0.9458333849906921,0.025242599464642506,0.19916099309921265
241,241,,0.984375,0.9458333253860474,112.0,115.0,5.0,8.0,0.9458333849906921,0.03767312376294285,0.20994219183921814
242,242,,0.9947916666666666,0.9333333373069763,112.0,112.0,8.0,8.0,0.9333333969116211,0.018256277951877564,0.2131190448999405
243,243,,0.9947916666666666,0.9333333373069763,114.0,110.0,10.0,6.0,0.9333333373069763,0.031511323584709316,0.21265165507793427
244,244,,1.0,0.9375,113.0,112.0,8.0,7.0,0.9374999403953552,0.012214569510736814,0.20473748445510864
245,245,,0.9739583333333334,0.9375,113.0,112.0,8.0,7.0,0.9374999403953552,0.06409891902391489,0.2018507421016693
246,246,,0.9947916666666666,0.9541666507720947,112.0,117.0,3.0,8.0,0.9541667103767395,0.029272784246131778,0.20746563374996185
247,247,,1.0,0.9416666626930237,114.0,112.0,8.0,6.0,0.9416667222976685,0.014030977438475626,0.1941257119178772
248,248,,0.9947916666666666,0.9416666626930237,114.0,112.0,8.0,6.0,0.9416667222976685,0.03060512359176452,0.19395440816879272
249,249,,0.984375,0.9375,114.0,111.0,9.0,6.0,0.9375,0.04368322616210207,0.20136918127536774
250,250,,0.9947916666666666,0.9416666626930237,112.0,114.0,6.0,8.0,0.9416666626930237,0.02363143073550115,0.19955246150493622
251,251,,0.9947916666666666,0.9166666865348816,114.0,106.0,14.0,6.0,0.9166666865348816,0.031337338499724865,0.23240138590335846
252,252,,0.9791666666666666,0.9416666626930237,112.0,114.0,6.0,8.0,0.9416666626930237,0.056684169840688504,0.210926353931427
253,253,,1.0,0.925000011920929,114.0,108.0,12.0,6.0,0.925000011920929,0.02551312364327411,0.22058993577957153
254,254,,1.0,0.9416666626930237,111.0,115.0,5.0,9.0,0.9416666030883789,0.022131456178613007,0.19101813435554504
255,255,,0.9947916666666666,0.9458333253860474,112.0,115.0,5.0,8.0,0.9458333849906921,0.022357620182447135,0.18187215924263
256,256,,0.9895833333333334,0.9375,114.0,111.0,9.0,6.0,0.9375,0.027475144946947694,0.20015624165534973
257,257,,1.0,0.9333333373069763,114.0,110.0,10.0,6.0,0.9333333373069763,0.016180429510617007,0.22841127216815948
258,258,,0.9947916666666666,0.9208333492279053,114.0,107.0,13.0,6.0,0.9208333492279053,0.02310272605003168,0.23137228190898895
259,259,,1.0,0.9291666746139526,114.0,109.0,11.0,6.0,0.9291666746139526,0.024301019633033622,0.20783382654190063
260,260,,0.9947916666666666,0.9416666626930237,114.0,112.0,8.0,6.0,0.9416667222976685,0.0240710365663593,0.2088024616241455
261,261,,1.0,0.9041666388511658,115.0,102.0,18.0,5.0,0.9041666388511658,0.026435456888672586,0.25632041692733765
262,262,,1.0,0.949999988079071,114.0,114.0,6.0,6.0,0.9500000476837158,0.022718494563984375,0.18786413967609406
263,263,,1.0,0.9333333373069763,112.0,112.0,8.0,8.0,0.9333333969116211,0.018717023621623714,0.20116406679153442
264,264,,1.0,0.9375,112.0,113.0,7.0,8.0,0.9375,0.016292803552156936,0.19662350416183472
265,265,,0.9947916666666666,0.925000011920929,114.0,108.0,12.0,6.0,0.925000011920929,0.033033672448558114,0.22121365368366241
266,266,,1.0,0.9375,114.0,111.0,9.0,6.0,0.9375,0.016963190709551174,0.19961713254451752
267,267,,0.9895833333333334,0.9291666746139526,114.0,109.0,11.0,6.0,0.9291666746139526,0.046079290487493076,0.2185947149991989
268,268,,1.0,0.9333333373069763,114.0,110.0,10.0,6.0,0.9333333373069763,0.01775448959476004,0.19581390917301178
269,269,,1.0,0.949999988079071,113.0,115.0,5.0,7.0,0.9499999284744263,0.02336379010618354,0.21520675718784332
270,270,,0.9947916666666666,0.9458333253860474,113.0,114.0,6.0,7.0,0.9458333253860474,0.01829663380825271,0.18829123675823212
271,271,,1.0,0.9458333253860474,114.0,113.0,7.0,6.0,0.9458333849906921,0.019349999997454386,0.2000684142112732
272,272,,0.9739583333333334,0.9458333253860474,114.0,113.0,7.0,6.0,0.9458333849906921,0.07480686974789326,0.20744580030441284
273,273,,0.9895833333333334,0.949999988079071,112.0,116.0,4.0,8.0,0.949999988079071,0.03173858117467413,0.19659358263015747
274,274,,0.9947916666666666,0.9125000238418579,114.0,105.0,15.0,6.0,0.9125000238418579,0.03228911350015551,0.24034491181373596
275,275,,1.0,0.9416666626930237,114.0,112.0,8.0,6.0,0.9416667222976685,0.014131021569482982,0.1921107918024063
276,276,,0.9947916666666666,0.8999999761581421,115.0,101.0,19.0,5.0,0.9000000357627869,0.03064850514056161,0.256753534078598
277,277,,1.0,0.9416666626930237,114.0,112.0,8.0,6.0,0.9416667222976685,0.023579917983928073,0.20271609723567963
278,278,,0.9947916666666666,0.9416666626930237,114.0,112.0,8.0,6.0,0.9416667222976685,0.015319499497612318,0.20531855523586273
279,279,,0.9947916666666666,0.9333333373069763,113.0,111.0,9.0,7.0,0.9333332777023315,0.02269466227153316,0.20829854905605316
280,280,,0.9947916666666666,0.9458333253860474,113.0,114.0,6.0,7.0,0.9458333253860474,0.024041300949951012,0.20573057234287262
281,281,,1.0,0.9291666746139526,114.0,109.0,11.0,6.0,0.9291666746139526,0.01743359995695452,0.20449408888816833
282,282,,0.9947916666666666,0.9416666626930237,113.0,113.0,7.0,7.0,0.9416666626930237,0.017598368615532916,0.18609635531902313
283,283,,0.9947916666666666,0.9375,114.0,111.0,9.0,6.0,0.9375,0.028694695715482037,0.20381714403629303
284,284,,0.9895833333333334,0.9416666626930237,113.0,113.0,7.0,7.0,0.9416666626930237,0.027361651552685846,0.19081124663352966
285,285,,1.0,0.9416666626930237,114.0,112.0,8.0,6.0,0.9416667222976685,0.009739238681504503,0.19480527937412262
286,286,,0.9947916666666666,0.9416666626930237,114.0,112.0,8.0,6.0,0.9416667222976685,0.031201827378633123,0.19851388037204742
287,287,,0.9947916666666666,0.9416666626930237,114.0,112.0,8.0,6.0,0.9416667222976685,0.026817289763130248,0.19990424811840057
288,288,,0.9947916666666666,0.9458333253860474,114.0,113.0,7.0,6.0,0.9458333849906921,0.03812367597129196,0.20262464880943298
289,289,,0.984375,0.9333333373069763,113.0,111.0,9.0,7.0,0.9333332777023315,0.029295196310461808,0.1956385225057602
290,290,,1.0,0.9333333373069763,114.0,110.0,10.0,6.0,0.9333333373069763,0.020957827645664413,0.2128256857395172
291,291,,0.9791666666666666,0.9375,114.0,111.0,9.0,6.0,0.9375,0.049413805129006505,0.21319571137428284
292,292,,0.9947916666666666,0.9458333253860474,114.0,113.0,7.0,6.0,0.9458333849906921,0.02280744871435066,0.20008966326713562
293,293,,0.984375,0.925000011920929,113.0,109.0,11.0,7.0,0.9249999523162842,0.03770396330704292,0.2191488891839981
294,294,,0.9947916666666666,0.9333333373069763,114.0,110.0,10.0,6.0,0.9333333373069763,0.01954498755124708,0.21498724818229675
295,295,,0.9947916666666666,0.9375,114.0,111.0,9.0,6.0,0.9375,0.02186409851613765,0.20608481764793396
296,296,,1.0,0.9375,114.0,111.0,9.0,6.0,0.9375,0.01514077722094953,0.22888046503067017
297,297,,0.9947916666666666,0.9375,114.0,111.0,9.0,6.0,0.9375,0.02515412719609837,0.20027199387550354
298,298,,0.9947916666666666,0.9416666626930237,114.0,112.0,8.0,6.0,0.9416667222976685,0.019310625929695863,0.206626757979393
299,299,,0.9947916666666666,0.9291666746139526,114.0,109.0,11.0,6.0,0.9291666746139526,0.02525114450448503,0.1993100941181183
